p,run_times,avg_time,measured_speedup,amdahl_speedup
1,"6.079585, 5.597226, 6.064438",5.913750,1.00,1.00
2,"5.785596, 6.145806, 6.287902",6.073101,0.97,1.26
4,"4.100012, 4.199975, 3.999982",4.099990,1.44,1.44
